iteration,best_blackout_risk,best_brownout_risk,reward
99,0,0,-35.03871692843459
99,0,0,-219.73963178389442
99,0,0,-219.69292092663312
99,0,0,-24.098135524483443
99,0,0,-219.11449084344196
99,0,0,-26.389572383183648
99,0,0,-326.6003262579078
99,0,0,-28.622257469623055
99,0,0,-20.578877734595697
99,0,0,-221.3046578264636
99,0,0,-224.39865632653914
99,0,0,-215.53013452214458
99,0,0,-25.410531504029066
99,0,0,1466.594705224741
99,0,0,-220.1014780257375
99,0,0,-217.30834945078252
99,0,0,-216.08487333860845
99,0,0,-22.412759310395263
99,0,0,-220.45963107948617
99,0,0,-221.7991697567634
99,0,0,-38.73825033901844
99,0,0,-222.3840057860933
99,0,0,-216.03797973568354
99,0,0,-212.6448420600411
99,0,0,-213.83439394608996
99,0,0,-213.64039313204074
99,0,0,-350.9343397066898
99,0,0,-219.39603337397523
99,0,0,-217.9877910819042
99,0,0,-209.78994076696233
99,0,0,-213.5856334429032
99,0,0,-23.31936213243823
99,0,0,-218.44806162914975
99,0,0,-220.71479683276843
99,0,0,-216.06020965202322
99,0,0,-215.11403014062046
99,0,0,-211.8760311785081
99,0,0,-222.08886365197753
99,0,0,-219.41663764645958
99,0,0,-215.8487183991634
99,0,0,1473.0193515205658
99,0,0,-221.4095557042932
99,0,0,-213.62209899096035
99,0,0,-213.2216221728518
99,0,0,-216.29808646320072
99,0,0,-213.0759071944775
99,0,0,-214.5893200077702
99,0,0,-216.35241463072487
99,0,0,-210.9520229195086
99,0,0,-34.06424705557506
99,0,0,-30.22934935805416
99,0,0,-217.918323618221
99,0,0,-220.3073664744685
99,0,0,-211.11724017894542
99,0,0,-220.5974094149248
99,0,0,-217.70419494030673
99,0,0,-27.0997565417537
99,0,0,-212.23344281357515
99,0,0,-214.99617466624392
99,0,0,-219.64589690546117
99,0,0,-219.96960725342825
99,0,0,-214.75720331661145
99,0,0,-219.1598366648901
99,0,0,-209.9596004216583
99,0,0,-49.697056334228286
99,0,0,-214.41716528578854
99,0,0,-215.65132502729014
99,0,0,-209.98470935261906
99,0,0,-21.33865562507475
99,0,0,-221.23179165808023
99,0,0,-213.10399412477506
99,0,0,-295.5459234224177
99,0,0,-215.5938443617677
99,0,0,-212.48183995411938
99,0,0,-211.23056117838007
99,0,0,-209.86054339378128
99,0,0,-211.65129855276538
99,0,0,-214.56725496569433
99,0,0,-217.36839526551668
99,0,0,-210.77288620209723
99,0,0,-265.689976404322
99,0,0,-215.34118221304348
99,0,0,-208.95870662327252
99,0,0,-211.48792574624053
99,0,0,-213.62844164152298
99,0,0,-25.464189267569722
99,0,0,-220.9583634567838
99,0,0,-212.70467575709515
99,0,0,-212.26981801734328
99,0,0,-219.74959764303975
99,0,0,-212.57730542236493
99,0,0,-211.36273100886032
99,0,0,1469.3077571586673
99,0,0,-213.7191642924322
99,0,0,-214.23412783881884
99,0,0,-214.10594697032963
99,0,0,-214.33356683534925
99,0,0,-216.0405371229551
99,0,0,-218.37750194105345
99,0,0,-27.43766533578861
99,0,0,-226.13263950463204
99,0,0,-215.7148048539747
99,0,0,-216.6531862610081
99,0,0,-40.04316603540223
99,0,0,-220.53344477921712
99,0,0,-213.19296477365197
99,0,0,-215.17074552679367
99,0,0,1473.329813960584
99,0,0,-220.44797477717955
99,0,0,-213.8466978100275
99,0,0,-267.56809889282505
99,0,0,-213.2449428491982
99,0,0,-216.67044005016106
99,0,0,-213.60161523219034
99,0,0,-215.98550145899134
99,0,0,-216.29626790871706
99,0,0,-221.32821472668206
99,0,0,-214.40111007673525
99,0,0,-209.16352335465342
99,0,0,-218.04005642469693
99,0,0,-215.81977056684045
99,0,0,-219.5359585106862
99,0,0,-214.62672255107196
99,0,0,-213.14013488607276
99,0,0,-213.55707196917805
99,0,0,-212.912782366352
99,0,0,-215.5112488161184
99,0,0,-217.8316630775407
99,0,0,-214.32843831200654
99,0,0,-21.185846179263187
99,0,0,-34.6404380535243
99,0,0,-212.35355841773804
99,0,0,-211.5830013187993
99,0,0,-295.1315459640557
99,0,0,-208.1533002850533
99,0,0,-212.8166981948287
99,0,0,-222.2496229167256
99,0,0,-30.271140976034875
99,0,0,-214.85133388975348
99,0,0,-213.38923548940275
99,0,0,-47.088322599579634
99,0,0,-227.5241655648062
99,0,0,-23.492540860169026
99,0,0,-212.71947246277134
99,0,0,-21.019870329961325
99,0,0,-216.0114353726656
99,0,0,-225.87787785185864
99,0,0,-25.01754058670902
99,0,0,-209.81042252499094
99,0,0,-222.98029498140326
99,0,0,-214.40377427741788
99,0,0,-222.64131561443983
99,0,0,-226.29872386573447
99,0,0,-27.204250354394283
99,0,0,-214.10641680158184
99,0,0,-219.65446468488665
99,0,0,-226.4039526978322
99,0,0,-217.23156313050637
99,0,0,-212.402515990838
99,0,0,-214.29872552208454
99,0,0,-215.8218421840869
99,0,0,-216.87780589297148
99,0,0,-220.0692081319367
99,0,0,-214.55982083861025
99,0,0,-220.13950484572766
99,0,0,-212.56538129555318
99,0,0,-215.6897198726361
99,0,0,-218.14238394542912
99,0,0,-213.97019939292142
99,0,0,-214.39356919303748
99,0,0,-218.89663853485922
99,0,0,-218.6316297502378
99,0,0,-28.10198787671411
99,0,0,-229.22448626884898
99,0,0,-221.78295143711148
99,0,0,-215.14723647266965
99,0,0,-216.58758445246352
99,0,0,-215.2025614992201
99,0,0,973.0256792017701
99,0,0,-218.37656796101973
99,0,0,-219.20662152236747
99,0,0,-214.88672167060378
99,0,0,-216.15692340191796
99,0,0,-228.08930476621364
99,0,0,-213.18789945271251
99,0,0,-213.16394782205475
99,0,0,-26.295072630410676
99,0,0,-220.00104438786659
99,0,0,-219.4327830392926
99,0,0,-227.66073116257022
99,0,0,-224.72315769471746
99,0,0,-225.9401381035224
99,0,0,-217.08695595158173
99,0,0,-228.37133194812407
99,0,0,-221.57161540758142
99,0,0,-215.48955919340048
99,0,0,-28.84650819237549
99,0,0,-215.40891654748165
99,0,0,-227.1720118522725
99,0,0,-219.64105795773014
99,0,0,-218.9843107347965
99,0,0,-220.80257313109
99,0,0,-210.28780307549277
99,0,0,-224.66706420635705
99,0,0,-220.12590597423855
99,0,0,1470.948187033689
99,0,0,-30.13711680550093
99,0,0,-221.91646039324388
99,0,0,-221.93354767249684
99,0,0,-227.27744521426376
99,0,0,-20.468889345366346
99,0,0,-227.5526772453685
99,0,0,-301.7225459692715
99,0,0,-223.58453166799183
99,0,0,-220.36244269422295
99,0,0,-24.141999444367762
99,0,0,-224.89114078980444
99,0,0,-220.2925201391171
99,0,0,-24.186277513644384
99,0,0,-223.20967353735824
99,0,0,-212.60956031467683
99,0,0,-215.3776256253522
99,0,0,-213.1198869050935
99,0,0,-49.963642553752486
99,0,0,-221.0014767098526
99,0,0,-214.25332248846294
99,0,0,-218.25470086033852
99,0,0,-221.96010974429143
99,0,0,-216.91369066731556
99,0,0,-220.96552294692577
99,0,0,-216.01056323416339
99,0,0,-30.582704808653997
99,0,0,-40.72467545455696
99,0,0,1468.0671964065937
99,0,0,1472.0653900282273
99,0,0,-222.42874184431452
99,0,0,1469.9668773809628
99,0,0,-29.662923023415797
99,0,0,-210.74239699172807
99,0,0,-223.08082043761087
99,0,0,-22.791563748839227
99,0,0,-218.3204612105287
99,0,0,-217.12446334820564
99,0,0,-219.51228158415552
99,0,0,-216.55387124826427
99,0,0,-223.24154155539196
99,0,0,-43.533484317525634
99,0,0,-23.39045206722198
99,0,0,-227.6426795070446
99,0,0,-219.39581859704418
99,0,0,-212.21754357056665
99,0,0,-213.6774421529876
99,0,0,-225.4056921338185
99,0,0,-27.002254394808258
99,0,0,-29.476740615630412
99,0,0,973.8162868681665
99,0,0,-30.000426858656002
99,0,0,-210.93486172905028
99,0,0,1473.400401411044
99,0,0,-27.993163992187522
99,0,0,-26.175759482809262
99,0,0,-274.13509484465925
99,0,0,-22.7745764144856
99,0,0,-216.60595857178282
99,0,0,-28.370702346092447
99,0,0,-23.605215603964716
99,0,0,-228.426209980056
99,0,0,-218.65048096143425
99,0,0,-220.33830580739638
99,0,0,-217.57261970156452
99,0,0,-293.1284851874171
99,0,0,-31.151510788079012
99,0,0,1468.22697464703
99,0,0,-221.9010710499439
99,0,0,-25.72560827146931
99,0,0,-270.6827237576797
99,0,0,-219.73053009858828
99,0,0,-212.6470631031959
99,0,0,1475.4251527550628
99,0,0,-30.313356966922743
99,0,0,-221.47876365685374
99,0,0,1471.1352286257884
99,0,0,-22.85394404317834
99,0,0,-218.07605515766943
99,0,0,-217.68186242838965
99,0,0,-51.12271279068161
99,0,0,1468.8639923660505
99,0,0,-229.47843728377106
99,0,0,-25.79933392768008
99,0,0,-217.6269470488218
99,0,0,-26.788371508052442
99,0,0,-215.72826099067768
99,0,0,-215.53827844452167
99,0,0,-227.34883602726703
99,0,0,-222.33005696249023
99,0,0,-224.88285557961098
99,0,0,-213.58186532120098
99,0,0,-216.87618272161063
99,0,0,-218.6599267536105
99,0,0,-210.95535794163695
99,0,0,-34.454044100606026
99,0,0,-37.0099315132941
99,0,0,-29.636139189862117
99,0,0,-226.26682076637573
99,0,0,-230.4060934387514
99,0,0,-28.51839228600643
99,0,0,-228.2903473396386
99,0,0,-221.04040408832256
99,0,0,-22.421851844364582
99,0,0,-227.68689562702073
99,0,0,-221.6904208060093
99,0,0,-30.051051036530236
99,0,0,-224.49836160004722
99,0,0,-30.81917802493873
99,0,0,-226.61358553345715
99,0,0,1472.2427029264115
99,0,0,-228.37652339942184
99,0,0,-47.441872972088724
99,0,0,-219.06358490808944
99,0,0,-229.71836924411244
99,0,0,-218.6424009091425
99,0,0,-223.7683338601212
99,0,0,1471.8361884598419
99,0,0,-219.39364239860686
99,0,0,-28.800503070889253
99,0,0,-25.615575040770004
99,0,0,-228.77452159850756
99,0,0,-31.452385436219483
99,0,0,-30.221204350387
99,0,0,-27.529509938387058
99,0,0,-27.672436152135496
99,0,0,-217.18595419988114
99,0,0,-24.891440222146628
99,0,0,-29.23789818750958
99,0,0,1470.7743793930276
99,0,0,1469.2955967546293
99,0,0,-31.34543667717908
99,0,0,-46.4537901304255
99,0,0,-30.07851412942321
99,0,0,-25.107817256580365
99,0,0,-217.2777051096916
99,0,0,-276.61946836155374
99,0,0,-28.700513059924024
99,0,0,-33.17684419177477
99,0,0,-29.040341901211452
99,0,0,-220.19550442115096
99,0,0,-30.01419777616249
99,0,0,-46.48967455221296
99,0,0,-214.25657660886668
99,0,0,-223.768411094461
99,0,0,-28.635960507583473
99,0,0,-223.53406891936325
99,0,0,1469.0239864665239
99,0,0,-28.702358822289725
99,0,0,-30.745533123992118
99,0,0,-223.98271881817502
99,0,0,-227.17358138428273
99,0,0,972.9802666381678
99,0,0,-28.797543749110496
99,0,0,-218.75903010820699
99,0,0,-222.42944504158757
99,0,0,-26.85815591385043
99,0,0,-25.826191643191454
99,0,0,-222.24979987972486
99,0,0,-224.22850934317526
99,0,0,-47.91897337526744
99,0,0,-40.055566133341024
99,0,0,1469.8203452355426
99,0,0,-25.450642762470327
99,0,0,-217.2863174606959
99,0,0,-221.46245223472607
99,0,0,-226.71314029372695
99,0,0,-28.58290442485673
99,0,0,-217.8607104388119
99,0,0,-29.13449586316421
99,0,0,-29.386721829560866
99,0,0,-229.07475999314153
99,0,0,-225.27008039412055
99,0,0,-230.71261886237454
99,0,0,-32.33840258546032
99,0,0,-28.95786991627068
99,0,0,-28.189893536675722
99,0,0,-227.6065005725211
99,0,0,-227.68411187334098
99,0,0,-31.246482565850656
99,0,0,-26.547488547479414
99,0,0,-31.387374481536078
99,0,0,-30.435316500396766
99,0,0,-35.71100446954165
99,0,0,-220.2853393662775
99,0,0,-29.93571776125446
99,0,0,-32.74754367847746
99,0,0,-226.7798446023089
99,0,0,-229.76679225592886
99,0,0,-226.86230386495805
99,0,0,-29.494544924955985
99,0,0,-28.143532711073288
99,0,0,-226.68313215690168
99,0,0,-223.07848710915678
99,0,0,-30.029861223851785
99,0,0,-228.0879103158771
99,0,0,-229.4510124753137
99,0,0,967.4181915311735
99,0,0,1470.148451028399
99,0,0,1470.6657413824637
99,0,0,-26.450963853664867
99,0,0,-28.30287980965891
99,0,0,-30.99700932519064
99,0,0,-31.326222105055404
99,0,0,-223.35825912293143
99,0,0,1468.2721319023935
99,0,0,-29.26864284153802
99,0,0,-227.0065299592773
99,0,0,-29.51800598759578
99,0,0,-30.96868137580805
99,0,0,-216.04278074336136
99,0,0,1468.9352519884226
99,0,0,-29.93457250250471
99,0,0,-228.45710111389613
99,0,0,-223.02106535511734
99,0,0,-28.77840780510183
99,0,0,-228.04676061914424
99,0,0,-229.08715054676284
99,0,0,-31.92897583118087
99,0,0,1473.2950957121577
99,0,0,-227.62034762699304
99,0,0,1468.4282915123404
99,0,0,1471.49717421459
99,0,0,1469.901088828771
99,0,0,-226.62992706824497
99,0,0,-228.2850069259109
99,0,0,968.0772820566096
99,0,0,-31.077782486124487
99,0,0,-30.103952510148805
99,0,0,-30.120143887649782
99,0,0,-28.36699365012824
99,0,0,-27.651887126275838
99,0,0,-29.58222218999952
99,0,0,-29.41299486413799
99,0,0,-225.2997642132683
99,0,0,-29.917280697312705
99,0,0,-227.2732823460921
99,0,0,-29.059718639461614
99,0,0,-31.03867455994504
99,0,0,-231.2938748820242
99,0,0,-231.31956559899592
99,0,0,-32.081194703319134
99,0,0,-228.27758191400127
99,0,0,-50.81654753544404
99,0,0,-222.03203490482457
99,0,0,-31.748483606394878
99,0,0,-231.79487223877328
99,0,0,-30.93483199693261
99,0,0,-24.72927943013339
99,0,0,-27.207883167442482
99,0,0,-30.214943754841265
99,0,0,-30.766444410964123
99,0,0,-31.968619653232597
99,0,0,-30.41947005122104
99,0,0,-28.461457132144858
99,0,0,-225.65224067574894
99,0,0,-230.65512542567237
99,0,0,-29.40152848682701
99,0,0,-44.41980588697567
99,0,0,-34.21910382949845
99,0,0,-31.11559618243335
99,0,0,-228.8971903803586
99,0,0,-32.160605803155306
99,0,0,-224.62404639449943
99,0,0,-26.025224897704923
99,0,0,-33.0993029303558
99,0,0,-227.58747892468517
99,0,0,-29.897751303712717
99,0,0,-28.454262025705706
99,0,0,-228.01487256512453
99,0,0,-229.8467416699849
99,0,0,-220.67837315555087
99,0,0,-227.87931922155943
99,0,0,-229.31402523642802
99,0,0,-227.9570426584695
99,0,0,-231.50702936579788
99,0,0,-29.989800974029958
99,0,0,-230.42107788496756
99,0,0,1470.226490505046
99,0,0,1467.6414695956166
99,0,0,-29.081703119698897
99,0,0,1470.604624306503
99,0,0,-32.684478810583116
99,0,0,-30.076169703633845
99,0,0,-30.741112298861008
99,0,0,1467.503271930791
99,0,0,1474.262195673339
99,0,0,-217.83362023313248
99,0,0,-31.089783308586277
99,0,0,-31.147360104740404
99,0,0,-225.88255987720052
99,0,0,-37.36518245588963
99,0,0,-28.899728773722675
99,0,0,-25.582026483998618
99,0,0,-31.910499706050253
99,0,0,-231.47963746214288
99,0,0,-228.4282886975953
99,0,0,-33.01701839971431
99,0,0,-228.16663134391476
99,0,0,-31.7155902137741
99,0,0,-30.837753227595226
99,0,0,-224.78637404716565
99,0,0,969.7241127789097
99,0,0,-31.711255186230446
99,0,0,-226.9411059985457
99,0,0,-30.335441362140145
99,0,0,-227.2272095566901
99,0,0,1467.209177119233
99,0,0,-28.882453012606387
99,0,0,-231.17676040897464
99,0,0,-28.760986851158187
99,0,0,-31.776880032887835
99,0,0,-230.7158622956585
99,0,0,-29.472875075888133
99,0,0,-231.2914717019563
99,0,0,-31.523255133867345
99,0,0,-31.281851054162466
99,0,0,-227.96131413389585
99,0,0,966.3142261218059
99,0,0,965.8777124497794
99,0,0,-31.989790515188915
99,0,0,-28.19137073291938
99,0,0,-30.133600997573225
99,0,0,-229.94473207324387
99,0,0,-28.798679108683643
99,0,0,-31.897051185332785
99,0,0,-228.69672668906176
99,0,0,-31.489905722673758
99,0,0,-32.832264426956456
99,0,0,-225.30186559061957
99,0,0,-228.80173550845578
99,0,0,-232.40588083336053
99,0,0,1469.163664572579
99,0,0,-229.65646607874407
99,0,0,-220.23164865422365
99,0,0,-228.77136847508643
99,0,0,-231.98149656812612
99,0,0,-36.15783502965341
99,0,0,-30.04031689059243
99,0,0,-28.65309725020033
99,0,0,-231.0223551029668
99,0,0,-227.49413743875007
99,0,0,-29.635670373678202
99,0,0,-33.8342913978268
99,0,0,-26.575388557419465
99,0,0,-26.217633342831064
99,0,0,-29.743548551318597
99,0,0,-226.48416136819492
99,0,0,-26.304584124836655
99,0,0,-222.23463628573083
99,0,0,1468.6591659854855
99,0,0,-30.96965211259597
99,0,0,-30.46299104226483
99,0,0,-228.07365916859283
99,0,0,-46.248261691265725
99,0,0,-32.127660052867434
99,0,0,-30.932596741504216
99,0,0,-229.3357115859477
99,0,0,-230.93427740688378
99,0,0,-231.8730289140557
99,0,0,1468.5449476024664
99,0,0,-31.152980581327164
99,0,0,-226.0903824825033
99,0,0,-229.92255211370963
99,0,0,-30.482266210852217
99,0,0,-29.62272700780403
99,0,0,-28.534684952718628
99,0,0,-31.562093565831184
99,0,0,-231.32470907751159
99,0,0,-30.826470733937512
99,0,0,-28.937451221864915
99,0,0,-230.379723443322
99,0,0,-31.642411316334314
99,0,0,-232.7687372948006
99,0,0,-27.229987953563025
99,0,0,-31.485022267969974
99,0,0,-224.4051076410423
99,0,0,-231.31589624883813
99,0,0,-31.2698651725633
99,0,0,-230.9747003323584
99,0,0,-32.71260205684054
99,0,0,-228.81312033411243
99,0,0,-31.76709590496997
99,0,0,-231.07283270235783
99,0,0,-33.70592382639408
99,0,0,-230.84768902171203
99,0,0,-32.04497425639449
99,0,0,1468.9456076511665
99,0,0,1469.8743802670294
99,0,0,-31.21548522681272
99,0,0,-30.115047718452125
99,0,0,-231.95467151487824
99,0,0,-31.571613475321097
99,0,0,-29.155023447333114
99,0,0,-230.7391551942125
99,0,0,-29.01483714495232
99,0,0,-228.94117252576845
99,0,0,-31.709059078754475
99,0,0,-32.91047573396666
99,0,0,-229.3427354515324
99,0,0,-229.30878998780753
99,0,0,-226.7690323881948
99,0,0,1466.7456729891771
99,0,0,-231.7658493085138
99,0,0,-52.41650450777728
99,0,0,-224.65755212816433
99,0,0,-25.895683754973625
99,0,0,-30.678488061636386
99,0,0,-230.79601396658677
99,0,0,-229.52940581381063
99,0,0,-32.584908994455986
99,0,0,-227.9146656810956
99,0,0,-230.99045222488533
99,0,0,-225.80754723045015
99,0,0,-230.94130293502772
99,0,0,-31.103032625717265
99,0,0,-230.04940515669747
99,0,0,-228.63302769305423
99,0,0,1467.7860323754248
99,0,0,-41.188921036900666
99,0,0,968.6572789419484
99,0,0,-225.23475510790075
99,0,0,-28.232206347105326
99,0,0,-32.79088459403093
99,0,0,-30.642699518189335
99,0,0,-228.0869355239151
99,0,0,1471.066916062798
99,0,0,1469.540308871457
99,0,0,1468.3637040236417
99,0,0,-232.28307875009764
99,0,0,-43.278313941042335
99,0,0,-29.98079745194679
99,0,0,-30.792224933332648
99,0,0,-29.11074211934399
99,0,0,-225.31978794599635
99,0,0,-31.569194001632333
99,0,0,972.0508806478854
99,0,0,-33.06629193215082
99,0,0,-32.650438682868554
99,0,0,-31.49140887033678
99,0,0,-27.65404937565118
99,0,0,-30.643824885927234
99,0,0,-225.30586891548776
99,0,0,-32.202380853547716
99,0,0,-32.35279063946769
99,0,0,-52.71606964117242
99,0,0,-225.85188886133506
99,0,0,-32.96867799309719
99,0,0,-31.938097137271498
99,0,0,-222.7719808514703
99,0,0,-31.266238416197826
99,0,0,1468.537659779167
99,0,0,-229.5031768777858
99,0,0,-230.5307082021368
99,0,0,-27.02102235500469
99,0,0,-232.93386326604372
99,0,0,969.0688392487607
99,0,0,-29.555420795261618
99,0,0,969.0283729726581
99,0,0,-31.728043820124313
99,0,0,-226.94926126992638
99,0,0,-31.036497362089616
99,0,0,-26.03573023371585
99,0,0,-229.16848143054264
99,0,0,-229.72116122973944
99,0,0,-31.752409693954988
99,0,0,-27.16196445638401
99,0,0,-228.86761602189034
99,0,0,-32.252584740543135
99,0,0,1468.7509109817752
99,0,0,-33.501468838634764
99,0,0,-32.43507272475276
99,0,0,-30.03136850749734
99,0,0,-32.036268610358896
99,0,0,-31.520296517870243
99,0,0,-231.18104702237503
99,0,0,970.065221234045
99,0,0,-32.89730779663985
99,0,0,-31.05161370197176
99,0,0,-230.41069107179567
99,0,0,-33.083234162485674
99,0,0,-30.47419027133246
99,0,0,-32.143629983383796
99,0,0,-30.97803152034068
99,0,0,-31.52298303077663
99,0,0,-231.50518652895965
99,0,0,-28.911997787641525
99,0,0,-29.72136115712151
99,0,0,968.0519247282309
99,0,0,-228.48524333257654
99,0,0,1470.488087448942
99,0,0,-228.1314317283845
99,0,0,-230.11472611566734
99,0,0,1469.2388700110132
99,0,0,-231.91142448007358
99,0,0,-27.805432577082588
99,0,0,-30.3822908308704
99,0,0,969.7003113934574
99,0,0,-30.691577074774706
99,0,0,-31.936156980319996
99,0,0,-35.57027298695131
99,0,0,1467.9167569913689
99,0,0,-30.813381221591033
99,0,0,1466.6138973653092
99,0,0,969.2142041924831
99,0,0,-28.50756814611202
99,0,0,-31.359617128065008
99,0,0,968.5970880746639
99,0,0,1468.3847336812041
99,0,0,-32.04043612296171
99,0,0,-228.51033798970815
99,0,0,-231.00512645569952
99,0,0,-28.657205407059617
99,0,0,-29.65509865599145
99,0,0,-229.7100524786908
99,0,0,-229.84923032471715
99,0,0,-229.92432185345788
99,0,0,-30.979554461703092
99,0,0,-225.31831360142516
99,0,0,-26.681751337538643
99,0,0,-31.098694621154824
99,0,0,-33.88365251158966
99,0,0,-228.7343413579207
99,0,0,-31.92034959214297
99,0,0,-229.6482905588047
99,0,0,-30.511868349781004
99,0,0,-32.208453604996606
99,0,0,-54.44515242603031
99,0,0,-230.97689040324641
99,0,0,-226.8963420603376
99,0,0,-29.575064494585455
99,0,0,-32.22743344418852
99,0,0,-33.58746466031565
99,0,0,1468.6642915424973
99,0,0,-27.19360777170162
99,0,0,-225.12730067018933
99,0,0,1468.6777953072542
99,0,0,967.8652810075324
99,0,0,-31.01645805200795
99,0,0,968.5727290095768
99,0,0,1466.2530857384822
99,0,0,-31.81016828524816
99,0,0,966.6841662513474
99,0,0,-32.35806915853058
99,0,0,-31.37021891099761
99,0,0,966.5912010201586
99,0,0,-30.688603581585685
99,0,0,-47.507956321451736
99,0,0,-30.47431058869492
99,0,0,-31.759565805105662
99,0,0,971.2134928330488
99,0,0,-31.712279793045603
99,0,0,-28.443832574625937
99,0,0,-34.47613048370738
99,0,0,-29.827593624627205
99,0,0,-31.09625106543344
99,0,0,-30.315845702362687
99,0,0,-30.30610672328358
99,0,0,-28.220397200256436
99,0,0,-33.89388953881172
99,0,0,-274.0025264638088
99,0,0,-31.82183712074832
99,0,0,-224.58508182047132
99,0,0,967.7576718068347
99,0,0,1470.276719121645
99,0,0,-31.299023187868915
99,0,0,-31.125314097071268
99,0,0,-31.30817976810912
99,0,0,-35.18532988898229
99,0,0,-33.27450613733969
99,0,0,-228.80725973828808
99,0,0,-29.59795460599274
99,0,0,1469.4524849700401
99,0,0,1470.1136440039481
99,0,0,-29.691521541780972
99,0,0,-33.47171436525046
99,0,0,-32.056557472467595
99,0,0,1470.5046550066666
99,0,0,-31.83215920078945
99,0,0,-28.454225026730562
99,0,0,-30.055097129070113
99,0,0,-46.21455916587353
99,0,0,968.0993143309596
99,0,0,1468.0276008102599
99,0,0,-30.747623789906285
99,0,0,-28.210633490350556
99,0,0,-231.2326932459669
99,0,0,-33.82282629069032
99,0,0,-230.06711431441477
99,0,0,-32.70681821395138
99,0,0,-32.74494741372986
99,0,0,1468.4175128823754
99,0,0,-232.6411353225798
99,0,0,-32.67633326479078
99,0,0,1467.2989207688845
99,0,0,-30.416325051959884
99,0,0,-233.03914615042916
99,0,0,1468.4633198100785
99,0,0,-264.79854763720925
99,0,0,-28.45292167706659
99,0,0,1469.4712146015713
99,0,0,-33.09205709418167
99,0,0,1468.3087507109724
99,0,0,-30.84013793890905
99,0,0,-31.293663863419336
99,0,0,-37.87685112595253
99,0,0,-27.65448446117182
99,0,0,-33.68144974512306
99,0,0,-28.6000174613741
99,0,0,1466.9195148787649
99,0,0,-30.42429402331012
99,0,0,-31.25407741105057
99,0,0,-31.05716407583808
99,0,0,-229.11162678224113
99,0,0,-29.755848699314544
99,0,0,-29.63647310130812
99,0,0,967.381961374793
99,0,0,1467.159867498746
99,0,0,-29.779969308988342
99,0,0,-32.65763978548594
99,0,0,-225.15446049078741
99,0,0,-30.35038180106384
99,0,0,-228.5370246936236
99,0,0,-31.73269178632931
99,0,0,-28.248367085830818
99,0,0,-37.89789488980707
99,0,0,-28.620409625373405
99,0,0,-29.701959253936373
99,0,0,1469.4948279776659
99,0,0,-29.77911691256586
99,0,0,-31.219775890335754
99,0,0,-30.376927940062092
99,0,0,-41.32984624319148
99,0,0,-32.43751955824184
99,0,0,-226.18948908157176
99,0,0,969.4181960927355
99,0,0,-29.487602881202726
99,0,0,-224.84576772436225
99,0,0,-30.646952583755606
99,0,0,-33.42709413151655
99,0,0,-30.475781644693733
99,0,0,1467.0722353102728
99,0,0,-31.49346532483392
99,0,0,1468.2142248512905
99,0,0,-29.11623426881002
99,0,0,1468.2584674459363
99,0,0,-26.98003809033142
99,0,0,-31.6014295241031
99,0,0,-34.73019493948384
99,0,0,-33.013355387946184
99,0,0,-32.296799769148194
99,0,0,-31.0860024544855
99,0,0,-228.87679719231116
99,0,0,-32.195187934364846
99,0,0,-41.44933306405385
99,0,0,-227.24340846864
99,0,0,-28.203113995821944
99,0,0,-226.37722164888427
99,0,0,-31.69066805906192
99,0,0,-29.283211286300887
99,0,0,1470.6747426945271
99,0,0,-31.35168925586965
99,0,0,-30.329169439519507
99,0,0,-226.89614523611223
99,0,0,-229.63394415984874
99,0,0,968.9055467564414
99,0,0,-232.34413831878342
99,0,0,-30.893966930565455
99,0,0,-30.292596490949247
99,0,0,-32.51532959048244
99,0,0,-31.66334429351915
99,0,0,-31.544753591484422
99,0,0,966.9858752978726
99,0,0,-229.16308172919014
99,0,0,-46.19030287505197
99,0,0,-30.934161788843156
99,0,0,-26.05307747782475
99,0,0,-32.16063761109226
99,0,0,-229.74492587824304
99,0,0,-31.954493315044225
99,0,0,-31.3083542316794
99,0,0,-34.12807240449896
99,0,0,-29.16930692288138
99,0,0,-32.785205573115114
99,0,0,1467.2814253742883
99,0,0,-29.842025547229376
99,0,0,-30.22724728159084
99,0,0,-31.603092025146683
99,0,0,-233.02372804049824
99,0,0,-228.71576522027172
99,0,0,-31.090303749809703
99,0,0,-29.406478137209415
99,0,0,1469.79684918015
99,0,0,-225.43284471645632
99,0,0,-31.320797739663213
99,0,0,967.7602761073201
99,0,0,-32.27647087898959
99,0,0,967.0650423922888
99,0,0,-30.100406966795944
99,0,0,-229.9241452175718
99,0,0,-32.085352870726055
99,0,0,-28.969132708900776
99,0,0,-31.36779080159729
99,0,0,-26.835675144316603
99,0,0,1468.620503430431
99,0,0,-31.617319189340186
99,0,0,1466.6127945616754
99,0,0,1468.1642847638905
99,0,0,-32.733567936557776
99,0,0,-230.80402781028806
99,0,0,-228.73169322508656
99,0,0,-29.03949655844295
99,0,0,966.7803471635684
99,0,0,-228.0752296280271
99,0,0,-28.37371078598076
99,0,0,-30.83647961167754
99,0,0,-229.62100738363083
99,0,0,-31.932138511510068
99,0,0,-30.640685854005294
99,0,0,-30.302240463065814
99,0,0,-30.44025864127507
99,0,0,-53.48396845923761
99,0,0,-33.2783398661952
99,0,0,-29.90239145191331
99,0,0,-26.93011154369947
99,0,0,-32.48628503043482
99,0,0,-35.08028953326761
99,0,0,-31.606808829958766
99,0,0,-29.957807315751495
99,0,0,967.552307650798
99,0,0,-29.229708409799155
99,0,0,1468.739969776863
99,0,0,-31.291963045222168
99,0,0,1468.5606973437514
99,0,0,1467.4705792827203
99,0,0,-27.167602921355734
99,0,0,1467.6451081061914
99,0,0,1469.8365402298994
99,0,0,968.1358990336121
99,0,0,1469.3560627899703
99,0,0,-32.01378748092659
99,0,0,1467.3913145512213
99,0,0,968.0458433772916
99,0,0,-31.606929938721336
99,0,0,-33.79092125323713
99,0,0,-31.387019150338187
99,0,0,1467.198680788417
99,0,0,-232.56636599496082
99,0,0,1468.8292489635915
99,0,0,1467.8347697487252
99,0,0,-227.80596517518507
99,0,0,-31.449060567699632
99,0,0,-30.351176276076927
99,0,0,-28.985509738770112
99,0,0,-30.52599694122422
99,0,0,-31.88540451479514
99,0,0,-45.99400856851479
99,0,0,1466.8975095438143
99,0,0,-35.51509079241454
99,0,0,1468.3005603503175
99,0,0,-31.828708027537072
99,0,0,1469.5263088085967
99,0,0,-35.75838175521819
99,0,0,-29.401863891103673
99,0,0,1469.5379903932871
99,0,0,-38.18194726897392
99,0,0,968.543401450021
99,0,0,-228.40381809512712
99,0,0,1467.93747319235
99,0,0,-31.747742286976177
99,0,0,-26.679516826849103
99,0,0,-30.790995485245492
99,0,0,-41.879948704852055
99,0,0,-31.128670423825607
99,0,0,-25.56210558511878
99,0,0,-32.29090503406441
99,0,0,-30.574877623587597
99,0,0,-31.749863981769032
99,0,0,-31.42498134746604
99,0,0,969.4945425245932
99,0,0,-29.611278054963407
99,0,0,-53.31594938122073
99,0,0,-31.330532953576906
99,0,0,1469.3398110354976
99,0,0,-231.74298944320165
99,0,0,-31.757351541974217
99,0,0,1467.7509337610568
99,0,0,-29.267475042254365
99,0,0,-49.021474049385056
99,0,0,966.336047887923
99,0,0,1468.1034261147443
99,0,0,-33.41225172751308
99,0,0,-31.505809671499044
99,0,0,1466.3421184569092
99,0,0,1469.4603867563487
99,0,0,970.6216249384191
99,0,0,-30.318371149369987
99,0,0,1467.48700604736
99,0,0,-31.074964242907733
99,0,0,-228.84935120236509
99,0,0,1468.3438021361771
99,0,0,-28.6162110255585
99,0,0,1468.7554323669267
99,0,0,1466.4991988044476
99,0,0,1468.682076217786
99,0,0,-32.8125407512138
99,0,0,970.9602446760709
99,0,0,968.7933316586756
99,0,0,969.2335442069517
99,0,0,-31.126802482201597
99,0,0,-32.53135684840297
99,0,0,-228.7389510628897
99,0,0,-32.50221184984292
99,0,0,-31.825386573725357
99,0,0,-38.93666939527055
99,0,0,970.1232228171314
99,0,0,-227.5668226410429
99,0,0,-31.551107853898834
99,0,0,-33.87785596224786
99,0,0,-229.05991605540143
99,0,0,-29.86771540580758
99,0,0,-31.265991127578694
99,0,0,-38.36672736772113
99,0,0,-29.74650536624178
99,0,0,969.3283679960846
99,0,0,967.4518826304596
99,0,0,-29.412908099927066
99,0,0,1467.291918047157
99,0,0,-30.779209264203438
99,0,0,-61.37717032542934
99,0,0,1468.7588921327758
99,0,0,-32.68821342997261
99,0,0,-29.833650883308884
99,0,0,-231.34766391935486
99,0,0,-30.227238194103982
99,0,0,1468.485991499977
99,0,0,-31.282968396240044
99,0,0,-32.3075066102779
99,0,0,-29.298835710495315
99,0,0,-39.98405641857395
99,0,0,-29.202017763839507
99,0,0,-30.155914552514346
99,0,0,-31.013615194925713
99,0,0,-231.1387072692814
99,0,0,-31.166924430610006
99,0,0,-30.86771253969533
99,0,0,-35.44265131450768
99,0,0,1467.3531541598156
99,0,0,1468.2661137100336
99,0,0,-29.113006531651322
99,0,0,-30.870759226035418
99,0,0,1466.1841669872363
99,0,0,967.3076958940226
99,0,0,-31.943064247360784
99,0,0,-39.07223650168451
99,0,0,1466.7715067050428
99,0,0,-228.6497692045398
99,0,0,1469.0356446985
99,0,0,1464.631377677844
99,0,0,1468.2653429419213
99,0,0,1466.7783977623667
99,0,0,-46.80013697079713
99,0,0,1466.7029128236018
99,0,0,-31.553824436187668
99,0,0,-29.471562580874505
99,0,0,-228.1675921525303
99,0,0,-31.238923493727352
99,0,0,1466.6654790418347
99,0,0,-29.3106919340451
99,0,0,-226.7557701749491
99,0,0,970.5585383206887
99,0,0,1468.5158835092725
99,0,0,1467.4662208311324
99,0,0,967.3750628655372
99,0,0,-30.52059233420618
99,0,0,-228.18731272378093
99,0,0,1468.097207536523
99,0,0,1469.0608051846045
99,0,0,-30.20611859124872
99,0,0,-230.13631526882904
99,0,0,-51.285524671349755
99,0,0,1469.751988718612
99,0,0,-29.54029750495514
99,0,0,1468.1132821721485
99,0,0,-32.75409266580174
99,0,0,1467.1811272202726
99,0,0,1469.1463689585596
99,0,0,965.4340571541012
99,0,0,967.0860376109813
99,0,0,-32.82896374974724
99,0,0,-30.990932810274355
99,0,0,-28.5683294243988
99,0,0,-35.02876194915926
99,0,0,-30.590868659608958
99,0,0,-226.91367801496563
99,0,0,-30.9155957875932
99,0,0,1469.0329611059183
99,0,0,-31.98096651060309
99,0,0,1466.7816111340112
99,0,0,-33.992739057076804
99,0,0,-31.63510359664705
99,0,0,968.3646664284711
99,0,0,-229.6724614338137
99,0,0,-29.799228784500315
99,0,0,-230.62833794869553
99,0,0,-31.559115548736358
99,0,0,1467.7662828417879
99,0,0,-32.840100967377616
99,0,0,1467.981338551814
99,0,0,969.7519995130615
99,0,0,1469.0999781744072
99,0,0,-30.275847147192014
99,0,0,1467.340432423775
99,0,0,968.8180193287627
99,0,0,-229.93465436823553
99,0,0,-32.82493208510829
99,0,0,-45.44755627816014
99,0,0,1468.5117554009712
99,0,0,-30.413905153725196
99,0,0,-58.56134018083788
99,0,0,1467.4727738655556
99,0,0,1468.8347062727794
99,0,0,-28.514622561974306
99,0,0,-29.879071275880065
99,0,0,-31.859668296377745
99,0,0,1466.7701149111485
99,0,0,-37.71766895281704
99,0,0,1465.3737423618263
99,0,0,-35.66109313470423
99,0,0,-32.743179283136236
99,0,0,1467.1407758022822
99,0,0,1466.4704964969324
99,0,0,-31.51753836123035
99,0,0,-28.79347673217169
99,0,0,-31.202125398953083
99,0,0,-30.69838243411299
99,0,0,1466.798695205844
99,0,0,-31.01640852227909
99,0,0,-227.26047137614728
99,0,0,-47.74843265285971
99,0,0,1467.7791430139407
99,0,0,-31.629514088957027
99,0,0,-34.73174345439177
99,0,0,1467.05224385826
99,0,0,1469.376197442779
99,0,0,-29.946425816438815
99,0,0,-299.7610203456227
99,0,0,1463.2550574569866
99,0,0,1463.9279429507803
99,0,0,-281.14391687320045
99,0,0,-275.2335538348796
99,0,0,1463.7047712866568
99,0,0,-42.070713456775984
99,0,0,-287.384034332943
99,0,0,-46.968230052441356
99,0,0,-47.63375125240799
99,0,0,-61.76059916693476
99,0,0,-59.29305838424006
99,0,0,1465.299742143919
99,0,0,-33.3941889136336
99,0,0,1466.7200576542461
99,0,0,-281.7407722203856
99,0,0,1464.7407859263662
99,0,0,-44.130897055536
99,0,0,-296.15603025445654
99,0,0,-278.7957923263635
99,0,0,1462.1569593270672
99,0,0,-46.947194620235685
99,0,0,-65.53474899534221
99,0,0,1462.0357469350301
99,0,0,-30.804584788844686
99,0,0,-57.89061858720955
99,0,0,1463.4107723960524
99,0,0,-59.48591703397299
99,0,0,1465.138877013432
99,0,0,-58.112588752618
99,0,0,-60.15969354490355
99,0,0,1462.7856789879659
99,0,0,1463.3383230424704
99,0,0,-268.86734925377885
99,0,0,1463.699270668775
99,0,0,-49.27522521518132
99,0,0,-33.28884788606011
99,0,0,-283.17595629069035
99,0,0,-288.8664867618606
99,0,0,-62.881350845974936
99,0,0,-52.086611881408395
99,0,0,-51.43261590319544
99,0,0,-50.172913652793056
99,0,0,-51.379165500465135
99,0,0,-37.44452429738375
99,0,0,-270.8636545787666
99,0,0,-50.266055804340425
99,0,0,1465.562518712257
99,0,0,1464.2083145160036
99,0,0,-276.8609884038735
99,0,0,-45.96496889205193
99,0,0,1466.1068780493974
99,0,0,1464.6724654186119
99,0,0,-56.32542477977124
99,0,0,-34.125987331419864
99,0,0,-270.21686436518473
99,0,0,-281.4932806734792
99,0,0,1465.3518953659027
99,0,0,-55.17589463716675
99,0,0,-48.472604438156054
99,0,0,1463.1760101400198
99,0,0,-270.91653504981383
99,0,0,-287.6729751413917
99,0,0,-268.3626494600165
99,0,0,1463.3748540870888
99,0,0,-33.446066400691194
99,0,0,1463.0079634196886
99,0,0,-46.051919848903815
99,0,0,-63.46667098117794
99,0,0,1460.810817173582
99,0,0,-35.26678289626552
99,0,0,1462.369534302567
99,0,0,1462.3616481196475
99,0,0,-284.8342171624202
99,0,0,-44.47249129674682
99,0,0,-277.8282848876477
99,0,0,1464.436779621116
99,0,0,1462.8669014215084
99,0,0,-269.2698245498114
99,0,0,1465.269469878196
99,0,0,-60.798061525481884
99,0,0,-42.320535876738894
99,0,0,-50.891129738931234
99,0,0,-47.86438001385881
99,0,0,-36.739268010669115
99,0,0,-50.10537207824865
99,0,0,1461.7645088085897
99,0,0,-38.84248302046699
99,0,0,-36.2018303854059
99,0,0,1463.9410783310004
99,0,0,-32.97693914678618
99,0,0,1465.0689740733237
99,0,0,1463.1457194714205
99,0,0,-38.52675753412941
99,0,0,-290.84264823429305
99,0,0,-57.52574170210592
99,0,0,-53.25647202886582
99,0,0,-39.50009226932458
99,0,0,-277.1223616303325
99,0,0,-57.574599729770334
99,0,0,1462.923435179556
99,0,0,-287.29818818658816
99,0,0,-42.4984245616565
99,0,0,1463.8337179384978
99,0,0,1463.1638238980486
99,0,0,-38.42909694181823
99,0,0,1462.805225133354
99,0,0,1464.190115181399
99,0,0,1461.9096754238642
99,0,0,1461.294678337787
99,0,0,1460.6130940461157
99,0,0,-43.3931290776391
99,0,0,-278.86637875189103
99,0,0,-33.76839385422508
99,0,0,-59.30368250425023
99,0,0,-57.43835128498332
99,0,0,-61.448556233041394
99,0,0,-47.59018301680154
99,0,0,-59.9097974518205
99,0,0,-52.9698938497597
99,0,0,-56.264799803586676
99,0,0,-50.42432844364198
99,0,0,-292.86197540617576
99,0,0,-270.44786360342357
99,0,0,1464.051149285837
99,0,0,-45.05561490933347
99,0,0,-65.3282381905294
99,0,0,-281.49941269672445
99,0,0,-274.57963321003524
99,0,0,-295.0290902817358
99,0,0,1465.246720143147
99,0,0,-38.382437391905654
99,0,0,-29.41581708705688
99,0,0,1462.633830208326
99,0,0,1463.4147038760084
99,0,0,-267.88954456053324
99,0,0,-33.50248969754368
99,0,0,1463.6375925440668
99,0,0,-60.697847899720365
99,0,0,-34.426476908170045
99,0,0,1461.741202531019
99,0,0,964.7924177175724
99,0,0,-57.59898455498435
99,0,0,963.165240687171
99,0,0,-47.29586321714973
99,0,0,1459.5270758076083
99,0,0,1463.5160967001357
99,0,0,-35.87786707835129
99,0,0,1464.215792581622
99,0,0,-39.1368255422918
99,0,0,1461.7612232721192
99,0,0,-35.34675533664578
99,0,0,-43.069879117697425
99,0,0,-66.33620415118422
99,0,0,-37.19851983784813
99,0,0,1464.0711584175203
99,0,0,-53.2374935420561
99,0,0,-290.92439344550763
99,0,0,-36.736957777703175
99,0,0,1462.5609373065918
99,0,0,-65.18205889166519
99,0,0,1463.2975647414169
99,0,0,-235.45933808400414
99,0,0,1463.7738691808806
99,0,0,965.7287333385948
99,0,0,-38.45686872630481
99,0,0,-53.860816935665056
99,0,0,-278.9639148713723
99,0,0,-269.1462968079515
99,0,0,1463.3355595573848
99,0,0,-61.64781808783385
99,0,0,-271.7644602450355
99,0,0,-57.4643597913549
99,0,0,-35.66854366528502
99,0,0,-35.711497287613014
99,0,0,-36.09281398140187
99,0,0,-65.09886076087696
99,0,0,1461.8905455712593
99,0,0,-287.2528400425205
99,0,0,1462.980994389571
99,0,0,-273.3202031818228
99,0,0,-38.4435641505587
99,0,0,-32.67361386879876
99,0,0,-66.22053699929751
99,0,0,-63.96329638045509
99,0,0,-36.02086247608773
99,0,0,1462.564974801295
99,0,0,-55.84792408592639
99,0,0,-236.66237463980295
99,0,0,-39.33518792445805
99,0,0,-32.61416986482756
99,0,0,-38.56248365656818
99,0,0,-231.9609282503489
99,0,0,1463.2078744739915
99,0,0,-276.4412989455716
99,0,0,-59.37191574505541
99,0,0,-65.37738229739955
99,0,0,-64.67666612118393
99,0,0,-60.05523193606426
99,0,0,-45.55598097737134
99,0,0,-35.80567885422099
99,0,0,-36.4563470984187
99,0,0,-42.704335053722836
99,0,0,-42.829519908267535
99,0,0,1464.130770745533
99,0,0,1464.1851939516082
99,0,0,-35.78596019854567
99,0,0,-55.84888180993164
99,0,0,1463.2598694295532
99,0,0,1464.7337216952565
99,0,0,-35.912928932271136
99,0,0,1462.1716432238331
99,0,0,-34.21542322616544
99,0,0,-65.78819504865827
99,0,0,-232.62323666956254
99,0,0,-36.632278673701784
99,0,0,-36.46287034093275
99,0,0,-47.15084585545625
99,0,0,-37.04053465703454
99,0,0,1463.5817082022518
99,0,0,-65.28958762526362
99,0,0,-30.613723656238793
99,0,0,968.0855015179176
99,0,0,-36.916737922051105
99,0,0,-45.93116461090003
99,0,0,1464.3106651013952
99,0,0,-56.57019984721133
99,0,0,-234.59553776921126
99,0,0,-44.84622767555948
99,0,0,960.602129774211
99,0,0,1459.9850889011161
99,0,0,-48.640586069450514
99,0,0,1461.5184163820834
99,0,0,1463.2663287080195
99,0,0,-37.339267192636505
99,0,0,1460.716638181187
99,0,0,1462.0914116221177
99,0,0,-52.015131568938635
99,0,0,-50.00808545205049
99,0,0,-46.019890206105146
99,0,0,-36.11706979662715
99,0,0,-34.355206045197306
99,0,0,1460.0185388761395
99,0,0,-35.15695775350215
99,0,0,-65.8435085145043
99,0,0,-47.949095469734154
99,0,0,-53.91373686726081
99,0,0,-285.04724649315204
99,0,0,-36.165576277162224
99,0,0,-36.88681621413091
99,0,0,1461.7292341033353
99,0,0,-238.19328764435716
99,0,0,1463.4693042211275
99,0,0,1461.9129876034333
99,0,0,-40.573806574904886
99,0,0,1461.3010445314233
99,0,0,1462.0784281549663
99,0,0,-235.195895281238
99,0,0,-232.07735455005124
99,0,0,1464.2266590132492
99,0,0,-233.270097897471
99,0,0,-37.61475304778489
99,0,0,-298.05579916231943
99,0,0,1461.247981454317
99,0,0,-41.35674522168548
99,0,0,-35.700414758839074
99,0,0,-36.20477138159411
99,0,0,-36.47246001373852
99,0,0,-232.81877726460402
99,0,0,-37.63126661352732
99,0,0,-38.758409626268026
99,0,0,1462.9047254729753
99,0,0,1464.8831182247577
99,0,0,962.7697212704549
99,0,0,963.2777475926363
99,0,0,1463.1164901606023
99,0,0,-34.929151124238295
99,0,0,1461.8419820387858
99,0,0,-38.785371318559086
99,0,0,-60.15142152328383
99,0,0,-35.61637440891939
99,0,0,1460.0172445896576
99,0,0,-234.081149879825
99,0,0,1463.4400878804106
99,0,0,-36.067295309096345
99,0,0,1460.1866281692614
99,0,0,1460.2565332089978
99,0,0,-35.9039648788656
99,0,0,-36.58098996503384
99,0,0,-35.67201876026896
99,0,0,-277.77970762649255
99,0,0,1463.7039578681588
99,0,0,-34.267265352638894
99,0,0,-231.26578161305343
99,0,0,-37.84239016266921
99,0,0,-37.66292055617061
99,0,0,-44.45344451052829
99,0,0,-35.33498117178216
99,0,0,-38.242542242131044
99,0,0,-37.78518632790534
99,0,0,-33.5644118276367
99,0,0,-38.12880866025991
99,0,0,1464.852246235633
99,0,0,-236.74072337108882
99,0,0,-38.782918064103484
99,0,0,-37.71462437932962
99,0,0,-38.69416839803673
99,0,0,-34.72302996882668
99,0,0,-36.464577974826504
99,0,0,-36.35048761757871
99,0,0,965.2459680812879
99,0,0,1462.1625462925197
99,0,0,-36.89269606267249
99,0,0,-37.466373702863045
99,0,0,-36.140562602898
99,0,0,-38.426619476847286
99,0,0,-37.15860238379168
99,0,0,-62.07803739185725
99,0,0,-38.44310883744948
99,0,0,1460.396127748434
99,0,0,1460.4593412932354
99,0,0,-36.84571125175521
99,0,0,1463.3563841295795
99,0,0,962.2967042523703
99,0,0,-37.29959614636561
99,0,0,-233.83095568064076
99,0,0,-36.73561417365737
99,0,0,-36.61993038145821
99,0,0,-235.8560686646144
99,0,0,-37.04656335905272
99,0,0,-35.29304813186096
99,0,0,-38.37058674356294
99,0,0,-230.62488591149562
99,0,0,962.7710269373863
99,0,0,-229.86576886554903
99,0,0,-37.24790418382455
99,0,0,-36.52278065578922
99,0,0,-60.575059958353066
99,0,0,1460.682445631643
99,0,0,-36.52970453009625
99,0,0,-233.56937580685295
99,0,0,1461.561812868336
99,0,0,-40.27314991762096
99,0,0,-35.208996484552294
99,0,0,-37.31830762989237
99,0,0,-37.30139515058148
99,0,0,-237.75995249264665
99,0,0,-37.74303607265185
99,0,0,-37.023203232508315
99,0,0,-38.54584532455182
99,0,0,-36.061203096588976
99,0,0,-40.717634611728045
99,0,0,-35.421042869947634
99,0,0,1460.9618822435327
99,0,0,-38.641981855519305
99,0,0,1462.6878506447333
99,0,0,-38.14577532646351
99,0,0,1460.4221727077747
99,0,0,1462.4548346705778
99,0,0,-34.24913813201164
99,0,0,-39.93507424010464
99,0,0,1461.9133816043757
99,0,0,-35.64501918356203
99,0,0,1463.6232519156151
99,0,0,1461.421782119693
99,0,0,-35.71724081412329
99,0,0,-37.57475224830616
99,0,0,1461.6810494540834
99,0,0,1460.0309205176695
99,0,0,-36.3361398107582
99,0,0,-38.46160115630893
99,0,0,-236.18468748996398
99,0,0,-238.6229306759501
99,0,0,-37.81068413385047
99,0,0,-36.99173791211392
99,0,0,1461.7432444393096
99,0,0,-35.21226664541354
99,0,0,-37.51378088243458
99,0,0,-37.70332977764732
99,0,0,-236.36818289712747
99,0,0,-49.45955823889006
99,0,0,-36.017598668236175
99,0,0,-36.963578700403026
99,0,0,1462.2949682530186
99,0,0,-36.01906326378242
99,0,0,-35.65640017798876
99,0,0,-236.0598721808854
99,0,0,-38.11519127893194
99,0,0,-34.00699430102259
99,0,0,-33.66372335580222
99,0,0,-37.85498595508297
99,0,0,-38.49565645889139
99,0,0,-37.3089629982175
99,0,0,-39.650073436754276
99,0,0,1462.3872449643854
99,0,0,-37.31010520113601
99,0,0,-36.218729774442735
99,0,0,-233.71462372525778
99,0,0,-36.25548730617856
99,0,0,-37.58807080952969
99,0,0,-37.96962302653515
99,0,0,-36.759499146249254
99,0,0,962.9661818068469
99,0,0,-38.64538768293392
99,0,0,-235.92853776741995
99,0,0,-35.08024095883957
99,0,0,-37.77401129808853
99,0,0,1461.517512400269
99,0,0,-38.90082599860633
99,0,0,-231.35935151406264
99,0,0,-34.9457641546469
99,0,0,-238.58852602897042
99,0,0,-37.397632951911056
99,0,0,-38.29585089019356
99,0,0,-40.371521827409126
99,0,0,-56.99645085054222
99,0,0,-37.046135959906515
99,0,0,-38.314641115022184
99,0,0,-36.116565201946834
99,0,0,-37.30554247419847
99,0,0,-236.6465029827268
99,0,0,1459.8025724187899
99,0,0,1462.9298125709054
99,0,0,-38.745532039227946
99,0,0,-237.87573635947294
99,0,0,-37.28539651134892
99,0,0,1461.606046268982
99,0,0,-41.403229850753796
99,0,0,-39.26540418879867
99,0,0,-35.76038094405529
99,0,0,1464.87531212698
99,0,0,1460.6662160507399
99,0,0,1460.2235465369397
99,0,0,-237.04344515285808
99,0,0,-40.06829043953024
99,0,0,-36.939044107514384
99,0,0,-36.850888767565934
99,0,0,1462.588666402987
99,0,0,-234.91528126141748
99,0,0,-40.685623574908966
99,0,0,-37.262962418408854
99,0,0,-33.918575121593015
99,0,0,-37.128837545757044
99,0,0,-39.960955463269194
99,0,0,-237.79477976661252
99,0,0,-39.98757505125936
99,0,0,1461.3227531694824
99,0,0,-38.67525573874887
99,0,0,-37.93968887042194
99,0,0,-41.9817252414051
99,0,0,-236.5084239553224
99,0,0,-37.97837318765051
99,0,0,-36.352538415597074
99,0,0,-236.2523546966787
99,0,0,-36.4807333170862
99,0,0,-35.86404557885069
99,0,0,-38.41651979124581
99,0,0,-232.3996385149734
99,0,0,-36.72910658162495
99,0,0,-36.60621844677989
99,0,0,-38.849238003736914
99,0,0,-36.454478496534925
99,0,0,-38.27261438627276
99,0,0,-38.95774912974949
99,0,0,-37.23782297098985
99,0,0,-33.080812446792294
99,0,0,-34.97941960102706
99,0,0,-35.007412542574684
99,0,0,-236.96053099857383
99,0,0,-229.55393644782757
99,0,0,1459.37860777804
99,0,0,-233.6568510622531
99,0,0,-33.360947275743264
99,0,0,-291.63430368269695
99,0,0,1459.8522867660731
99,0,0,-40.32071692848762
99,0,0,-39.768208580423696
99,0,0,-272.6668999613151
99,0,0,-233.91982225418434
99,0,0,1461.7124296746397
99,0,0,-235.10041777061187
99,0,0,-231.36275524881208
99,0,0,-37.17339839553514
99,0,0,1461.189632545925
99,0,0,-37.09312376377233
99,0,0,-38.967832088372425
99,0,0,1463.8009446147714
99,0,0,-36.752161412195775
99,0,0,-34.57327097091967
99,0,0,-237.89831022932586
99,0,0,-39.4743480571024
99,0,0,-36.89950025728946
99,0,0,-52.044330195641805
99,0,0,1459.3162037591485
99,0,0,1462.5562582121756
99,0,0,1463.5379469229904
99,0,0,-37.65801795719209
99,0,0,-39.81933667609505
99,0,0,-36.90242640195124
99,0,0,-36.50881356274726
99,0,0,-36.37111659166806
99,0,0,-37.85085004097702
99,0,0,-37.09425203756459
99,0,0,-35.499962628518546
99,0,0,-234.5918434091164
99,0,0,-38.860631986894305
99,0,0,-37.5332270792846
99,0,0,1463.2525868342304
99,0,0,1463.4961210618073
99,0,0,961.3584730913014
99,0,0,-36.359391170932774
99,0,0,-238.15496145787182
99,0,0,-37.02473206056429
99,0,0,-37.16352614590698
99,0,0,1460.9234298783797
99,0,0,-39.46198911024362
99,0,0,-39.7590650892405
99,0,0,-232.110694820967
99,0,0,-39.32215712902191
99,0,0,-36.89450827349403
99,0,0,-64.49516039941781
99,0,0,-35.865682370168706
99,0,0,-36.785429376530935
99,0,0,-39.427608539433116
99,0,0,-34.131467247932086
99,0,0,-37.32180023276032
99,0,0,-39.08851715005379
99,0,0,-36.5077817567855
99,0,0,-237.78448829866156
99,0,0,-237.12231338100352
99,0,0,-36.968228355303005
99,0,0,961.0934364396002
99,0,0,-39.16167843448486
99,0,0,-38.22870291129376
99,0,0,-34.248970277369644
99,0,0,-40.75835736666853
99,0,0,-39.5847989508446
99,0,0,-232.33507714703546
99,0,0,-235.3437598085415
99,0,0,-39.0921003634798
99,0,0,1461.891868530723
99,0,0,-38.788126754334215
99,0,0,-31.712600383967086
99,0,0,-36.664831923398715
99,0,0,961.4043144603079
99,0,0,-232.72714559008574
99,0,0,-55.68749354615171
99,0,0,1461.3871569231671
99,0,0,-34.805206098478656
99,0,0,1460.3974029202886
99,0,0,-35.796198841320894
99,0,0,-37.37201237629893
99,0,0,-36.83966648397735
99,0,0,-40.202237471871825
99,0,0,-38.58581156141049
99,0,0,-234.13448355880672
99,0,0,961.972131740963
99,0,0,-34.65843686970901
99,0,0,-37.218055474006896
99,0,0,-237.27821606670466
99,0,0,961.6240644738558
99,0,0,-35.45037767021212
99,0,0,-234.7204885181606
99,0,0,-233.9757207017573
99,0,0,-35.44332499396627
99,0,0,1461.405741557765
99,0,0,961.4469654302553
99,0,0,-235.23507441038635
99,0,0,-39.97733141920515
99,0,0,-43.054694189959434
99,0,0,-235.87441784809144
99,0,0,-34.57200791803203
99,0,0,-39.48223795004243
99,0,0,-37.2386312375894
99,0,0,-238.13824140622398
99,0,0,-38.83913523074828
99,0,0,-50.33045738584937
99,0,0,1459.1216439443776
99,0,0,-38.54952378896083
99,0,0,1462.7044006757405
99,0,0,-233.6174874303205
99,0,0,-35.120695747132515
99,0,0,959.9074672624014
99,0,0,-38.223873073956796
99,0,0,-232.73087391532988
99,0,0,-37.44918266288468
99,0,0,-235.68801553893502
99,0,0,-52.3921756708807
99,0,0,-38.971033270846924
99,0,0,-35.8561418411099
99,0,0,-39.76288974927683
99,0,0,1462.0088227440945
99,0,0,-38.2058173564864
99,0,0,-233.21738026644937
99,0,0,1460.9315267756301
99,0,0,-51.4344279261186
99,0,0,-237.54712207721582
99,0,0,-51.25365763213691
99,0,0,-39.833958689580996
99,0,0,-36.9909501597089
99,0,0,-235.8004675603306
99,0,0,1463.1203275889886
99,0,0,-38.53928170743286
99,0,0,960.9222921810292
99,0,0,1460.104320360173
99,0,0,-37.050270925971574
99,0,0,-231.48993814661264
99,0,0,-35.155608983156924
99,0,0,1463.2108448506676
99,0,0,-234.74175194099425
99,0,0,-35.64533317648646
99,0,0,-38.23164063192839
99,0,0,1462.2420157964552
99,0,0,-37.977583718601245
99,0,0,-39.093891304130096
99,0,0,-236.60113912185705
99,0,0,-43.56650027953115
99,0,0,-36.8731313604832
99,0,0,-38.22210192907917
99,0,0,-235.61621608885568
99,0,0,1459.831854642417
99,0,0,961.4318731815079
99,0,0,-38.92286812672393
99,0,0,-35.869664814684775
99,0,0,962.647661246919
99,0,0,1461.1767945020274
99,0,0,-37.85055626751807
99,0,0,-35.969247650593836
99,0,0,-36.8028793299823
99,0,0,-58.45405483756596
99,0,0,-37.55530868150778
99,0,0,960.2772053664809
99,0,0,-38.100094117522964
99,0,0,-38.40498622645371
99,0,0,1463.0733702054515
99,0,0,-233.39689446346486
99,0,0,-38.71469627282884
99,0,0,1460.2823736679193
99,0,0,-35.70911281797102
99,0,0,963.5031059907111
99,0,0,-37.49921852464597
99,0,0,-236.73367836231913
99,0,0,-36.97973031449935
99,0,0,960.3384195121273
99,0,0,-39.4375999449101
99,0,0,-38.68390485868903
99,0,0,-34.48005985292811
99,0,0,-65.75204204902214
99,0,0,-38.7941199683636
99,0,0,-37.70682601515515
99,0,0,1462.1873680398432
99,0,0,-35.15326783212879
99,0,0,-36.40045231439619
99,0,0,-36.715544895773064
99,0,0,-234.1113473780751
99,0,0,-37.32779170131382
99,0,0,-39.25166693111006
99,0,0,-36.04139746365936
99,0,0,-38.31130877118778
99,0,0,-236.31927259545304
99,0,0,-37.231412408401695
99,0,0,1462.237939022231
99,0,0,-37.84323888314466
99,0,0,-236.7869171249349
99,0,0,-40.7230045592138
99,0,0,-37.68018306701024
99,0,0,-38.6833114521989
99,0,0,-36.094300572597476
99,0,0,1463.555541408025
99,0,0,-39.615442541132566
99,0,0,1462.3279889364612
99,0,0,-238.12627741013156
99,0,0,1462.0425048781983
99,0,0,1459.1623416433613
99,0,0,-231.8915196780524
99,0,0,-237.83071773417524
99,0,0,-36.84564353616799
99,0,0,-47.3123657601298
99,0,0,-35.006934587279204
99,0,0,-237.04867773626762
99,0,0,-36.7474007301252
99,0,0,1460.900862539998
99,0,0,-38.51926980188209
99,0,0,-37.22350796161259
99,0,0,961.4228061280656
99,0,0,-38.780666899220705
99,0,0,961.9438372218317
99,0,0,1460.1228208942437
99,0,0,-35.695869086001494
99,0,0,1460.3276849081335
99,0,0,-41.42374036441632
99,0,0,-38.41398939171928
99,0,0,-43.55664943863561
99,0,0,-40.02707116710289
99,0,0,-38.26667441222349
99,0,0,-35.613042321875966
99,0,0,-37.30934367572438
99,0,0,-233.94113359635142
99,0,0,-34.52090289268036
99,0,0,963.076630140803
99,0,0,-231.20339677372075
99,0,0,-35.69502327487965
99,0,0,-42.12155815830938
99,0,0,-36.80603818493408
99,0,0,-36.90246708013463
99,0,0,-38.3545935448655
99,0,0,1460.5017499670923
99,0,0,-35.80022891538605
99,0,0,-38.13172464779819
99,0,0,-235.65879202503322
99,0,0,-37.49178604041826
99,0,0,-44.17232291529921
99,0,0,-35.22823644760595
99,0,0,-235.0549495711739
99,0,0,-37.07867388281116
99,0,0,-36.866628930506735
99,0,0,961.3579985267875
99,0,0,-37.9779260884535
99,0,0,-235.09490787966456
99,0,0,-38.51235707642684
99,0,0,-37.538423436540796
99,0,0,-233.61052951659363
99,0,0,-39.79374725791125
99,0,0,-37.989409471228186
99,0,0,-236.73164793504097
99,0,0,-38.90351948297037
99,0,0,1461.3733871017848
99,0,0,-235.1597760189585
99,0,0,962.1070842921114
99,0,0,-38.13802046518243
99,0,0,-37.64373144758916
99,0,0,-236.85287286786507
99,0,0,1460.774521561828
99,0,0,-34.87507955052833
99,0,0,-36.69134125774526
99,0,0,-39.73389263839561
99,0,0,-37.56401650083089
99,0,0,-236.22167770827866
99,0,0,-35.96770686084731
99,0,0,1462.4331859113
99,0,0,1461.5473079236112
99,0,0,-38.905373296877556
99,0,0,-36.08286204037221
99,0,0,959.8104405452938
99,0,0,-38.374191285324486
99,0,0,-237.04536197469596
99,0,0,1461.2252074941528
99,0,0,-35.55544792978197
99,0,0,1461.912989823046
99,0,0,1460.6956022938969
99,0,0,-35.076262593269085
99,0,0,-37.76693278677185
99,0,0,-35.31833144387965
99,0,0,-37.420841459110264
99,0,0,-50.21921343000275
99,0,0,-37.92869008589121
99,0,0,-238.91137750736402
99,0,0,1459.694397103045
99,0,0,1462.6467051453046
99,0,0,1459.540501069075
99,0,0,-46.34875427760788
99,0,0,1460.5385754227705
99,0,0,-37.21001771602028
99,0,0,962.0699809208404
99,0,0,-38.358634118909116
99,0,0,-237.45729259581648
99,0,0,962.5009785109376
99,0,0,-39.8427617779899
99,0,0,1462.3750888709253
99,0,0,-236.5138220713389
99,0,0,1463.830423212219
99,0,0,960.5515443346776
99,0,0,-38.11710994017271
99,0,0,-37.97098662909799
99,0,0,1460.8854821114162
99,0,0,-236.67619802224533
99,0,0,-37.30540639569422
99,0,0,-239.2710562869829
99,0,0,-41.05616335177776
99,0,0,-38.01101278856044
99,0,0,1464.3559706681103
99,0,0,-35.04179697617894
99,0,0,-51.11438620623982
99,0,0,1459.810085974172
99,0,0,-35.87340275917144
99,0,0,-34.144680989683735
99,0,0,1461.1037906003194
99,0,0,1461.3132850343036
99,0,0,1461.716377106765
99,0,0,962.5961021549517
99,0,0,-36.653754846557554
99,0,0,1460.818821843506
99,0,0,962.8377472365835
99,0,0,-37.15222968264758
99,0,0,-48.334506770724694
99,0,0,-36.828341966463384
99,0,0,-38.216428075040234
99,0,0,-236.79490275309243
99,0,0,-36.113537132087366
99,0,0,-39.20925095600085
99,0,0,962.375450966674
99,0,0,-35.483714616283656
99,0,0,-33.40200632239274
99,0,0,1460.8859710068689
99,0,0,-37.70271503932746
99,0,0,-36.4272199600313
99,0,0,-35.71244101045024
99,0,0,-37.61825634980412
99,0,0,-37.97837009137993
99,0,0,-39.01631656404734
99,0,0,-35.15876573051816
99,0,0,-38.922022232862496
99,0,0,-37.117859499110644
99,0,0,1460.2308202722825
99,0,0,-38.08188208096194
99,0,0,-46.691483142602294
99,0,0,961.9322524927104
99,0,0,-39.43534478028512
99,0,0,1460.4773011342202
99,0,0,-39.87411771643507
99,0,0,-39.33165045673689
99,0,0,-39.84176258158665
99,0,0,-36.690595764023776
99,0,0,-35.741453258326516
99,0,0,1461.0275748461418
99,0,0,-34.06163101186109
99,0,0,-37.43393187710375
99,0,0,-39.067643950670536
99,0,0,-36.17511584275334
99,0,0,1459.8921424643086
99,0,0,-37.07648854723692
99,0,0,-38.4549084978561
99,0,0,-37.529633920065315
99,0,0,-38.495700334049744
99,0,0,-35.263611922387916
99,0,0,-37.93531433561985
99,0,0,-49.61264240926087
99,0,0,-37.95789492519676
99,0,0,1461.469532883212
99,0,0,-237.87994488393454
99,0,0,-37.692624632091075
99,0,0,-39.06910087111305
99,0,0,-37.21866916351771
99,0,0,961.770076116424
99,0,0,-37.88705946892863
99,0,0,-39.65750252238319
99,0,0,1460.753290654701
99,0,0,-39.05283609833193
99,0,0,1462.2026671561123
99,0,0,-35.675708944175405
99,0,0,-38.24336164513376
99,0,0,-38.30580613820775
99,0,0,1460.6280402500934
99,0,0,1462.2655396395435
99,0,0,1460.5547071453384
99,0,0,-237.22333552282635
99,0,0,-39.48388439064655
99,0,0,-36.97912575720294
99,0,0,961.1082644523354
99,0,0,-37.54527178612922
99,0,0,-57.82653698578463
99,0,0,-235.7917691619935
99,0,0,-47.445589928894584
99,0,0,1462.2295318720894
99,0,0,-232.68873852965794
99,0,0,-38.2066725416192
99,0,0,-38.29449337735525
99,0,0,1460.6322835371589
99,0,0,-36.35147721467644
99,0,0,1463.0397803454691
99,0,0,1460.8566875945933
99,0,0,-38.10932339805298
99,0,0,-38.10391874239543
99,0,0,-37.794829804332544
99,0,0,1459.8845557160703
99,0,0,-34.59839558012806
99,0,0,-37.66927075017602
99,0,0,-37.194906033258974
99,0,0,-38.68561757498724
99,0,0,1461.2084318872487
99,0,0,-35.82773009555725
99,0,0,-39.66346905481312
99,0,0,-237.97567951836956
99,0,0,960.302129600494
99,0,0,1461.4811013305819
99,0,0,-234.7116287393235
99,0,0,-36.32855132361027
99,0,0,-38.327180554820714
99,0,0,-48.305357438259655
99,0,0,-35.43240907536331
99,0,0,-37.53833914195097
99,0,0,-38.35958007490648
99,0,0,-36.940272045487646
99,0,0,-235.46521838747518
99,0,0,-46.77807951053833
99,0,0,-37.88399598033041
99,0,0,-36.48124225628026
99,0,0,-35.73840696311171
99,0,0,-39.03509426148024
99,0,0,-34.038955068518035
99,0,0,-36.12499331030065
99,0,0,-233.71790073039955
99,0,0,-39.04917781927166
99,0,0,1461.7235451476504
99,0,0,-37.561930138385094
99,0,0,-235.89423346475604
99,0,0,1461.0507384633775
99,0,0,-37.82053406341979
99,0,0,-36.87154876223191
99,0,0,-37.32211877083987
99,0,0,-44.66222325265002
99,0,0,-40.649040025130084
99,0,0,-35.11453473644001
99,0,0,-57.06692432348193
99,0,0,-232.03884118679557
99,0,0,1461.4850240774101
99,0,0,-37.225953665181216
99,0,0,-231.87698814323758
99,0,0,-36.58490423793617
99,0,0,-38.772184516158944
99,0,0,1461.010343869199
99,0,0,1461.1419446596765
99,0,0,-269.69447301572507
99,0,0,-37.34410531999998
99,0,0,-37.12919963368814
99,0,0,-37.04353685624239
99,0,0,-40.787084480750586
99,0,0,962.3532196208554
